{
  "2D": 11450.8220012189,
  "3D": 833.207000494003,
  "AFK": 185.006000041962,
  "AssetLib": 442.724000453949,
  "Editor": 171286.788001775,
  "External": 121851.458000421,
  "Script": 36708.5769991873
}