{
  "2D": 15544.999001503,
  "3D": 903.609000205993,
  "AFK": 58.0020000934601,
  "AssetLib": 442.724000453949,
  "Editor": 207545.101002453,
  "External": 143526.059001206,
  "Script": 47127.7099990844
}