{
  "2D": 15165.586001873,
  "3D": 903.609000205993,
  "AFK": 58.0020000934601,
  "AssetLib": 442.724000453949,
  "Editor": 206006.272002457,
  "External": 142695.315001009,
  "Script": 46799.0379989147
}