{
  "2D": 11427.8350012303,
  "3D": 806.624000787735,
  "AFK": 376.001999855042,
  "AssetLib": 442.724000453949,
  "Editor": 167181.759001493,
  "External": 119726.329000473,
  "Script": 34778.2469985484
}