{
  "2D": 17735.5250034334,
  "3D": 903.609000205993,
  "AFK": 58.0020000934601,
  "AssetLib": 442.724000453949,
  "Editor": 220418.4620018,
  "External": 149221.409001588,
  "Script": 52115.1949961185
}