{
  "2D": 8537.13300204278,
  "3D": 767.135999917984,
  "AFK": 376.001999855042,
  "AssetLib": 442.724000453949,
  "Editor": 130358.491000652,
  "External": 89014.107000351,
  "Script": 31597.3909978865
}