{
  "2D": 10343.8510022163,
  "3D": 767.135999917984,
  "AFK": 376.001999855042,
  "AssetLib": 442.724000453949,
  "Editor": 161512.89300108,
  "External": 116270.679001093,
  "Script": 33688.5029973983
}