{
  "2D": 17735.5250034334,
  "3D": 903.609000205993,
  "AFK": 58.0020000934601,
  "AssetLib": 442.724000453949,
  "Editor": 224924.074001788,
  "External": 151749.083001374,
  "Script": 54093.1329963207
}