{
  "2D": 8537.13300204278,
  "3D": 670.492000102997,
  "AFK": 376.001999855042,
  "AssetLib": 442.724000453949,
  "Editor": 128266.705000639,
  "External": 87164.5979998112,
  "Script": 31451.7579982279
}