{
  "2D": 12847.5500023366,
  "3D": 833.207000494003,
  "AFK": 185.006000041962,
  "AssetLib": 442.724000453949,
  "Editor": 183671.315001963,
  "External": 128445.025998353,
  "Script": 41102.808000326
}