{
  "2D": 13247.2790019513,
  "3D": 833.207000494003,
  "AFK": 185.006000041962,
  "AssetLib": 442.724000453949,
  "Editor": 186423.349002122,
  "External": 130391.699998139,
  "Script": 41509.4230010508
}