{
  "2D": 13247.2790019513,
  "3D": 858.128000497818,
  "AFK": 185.006000041962,
  "AssetLib": 442.724000453949,
  "Editor": 189228.31900215,
  "External": 132193.583998679,
  "Script": 42486.6040005683
}