{
  "2D": 9356.45300197602,
  "3D": 767.135999917984,
  "AFK": 376.001999855042,
  "AssetLib": 442.724000453949,
  "Editor": 155497.816000938,
  "External": 112395.229000807,
  "Script": 32537.3099977969
}