{
  "2D": 11551.1460013391,
  "3D": 833.207000494003,
  "AFK": 185.006000041962,
  "AssetLib": 442.724000453949,
  "Editor": 174815.930001973,
  "External": 124404.265000104,
  "Script": 37584.5879995821
}