{
  "2D": 16054.491001606,
  "3D": 903.609000205993,
  "AFK": 58.0020000934601,
  "AssetLib": 442.724000453949,
  "Editor": 210462.47800207,
  "External": 144844.163000821,
  "Script": 48217.4909989833
}