{
  "2D": 14816.5070018768,
  "3D": 903.609000205993,
  "AFK": 58.0020000934601,
  "AssetLib": 442.724000453949,
  "Editor": 203923.04800248,
  "External": 141258.693001268,
  "Script": 46501.5149986744
}