{
  "2D": 17217.90600276,
  "3D": 903.609000205993,
  "AFK": 58.0020000934601,
  "AssetLib": 442.724000453949,
  "Editor": 217787.03600192,
  "External": 148505.569001436,
  "Script": 50717.2279970646
}