{
  "2D": 7538.41900134087,
  "3D": 661.299999952316,
  "AFK": 225.996000051498,
  "AssetLib": 115.958000421524,
  "Editor": 112274.90199995,
  "External": 77858.4089992047,
  "Script": 26100.815999031
}