{
  "2D": 12265.1850018502,
  "3D": 833.207000494003,
  "AFK": 185.006000041962,
  "AssetLib": 442.724000453949,
  "Editor": 179933.312001942,
  "External": 126399.247998475,
  "Script": 39992.9480006693
}