{
  "2D": 14337.619001627,
  "3D": 900.312000274658,
  "AFK": 58.0020000934601,
  "AssetLib": 442.724000453949,
  "Editor": 197167.476001977,
  "External": 136782.381999968,
  "Script": 44704.4389996528
}