{
  "2D": 7903.86600136757,
  "3D": 661.299999952316,
  "AFK": 162.992000102997,
  "AssetLib": 115.958000421524,
  "Editor": 116920.104000092,
  "External": 80619.4979999066,
  "Script": 27619.4819984435
}