{
  "2D": 17735.5250034334,
  "3D": 903.609000205993,
  "AFK": 58.0020000934601,
  "AssetLib": 442.724000453949,
  "Editor": 224746.068001746,
  "External": 151687.140001534,
  "Script": 53977.0699961185
}