{
  "2D": 7383.8480014801,
  "3D": 661.299999952316,
  "AFK": 225.996000051498,
  "AssetLib": 115.958000421524,
  "Editor": 108566.747999906,
  "External": 75322.639998436,
  "Script": 25083.0019996166
}