{
  "2D": 11427.8350012303,
  "3D": 833.207000494003,
  "AFK": 376.001999855042,
  "AssetLib": 442.724000453949,
  "Editor": 167288.502001524,
  "External": 119735.494000673,
  "Script": 34849.2419986724
}