{
  "2D": 8358.44800162316,
  "3D": 661.299999952316,
  "AFK": 162.992000102997,
  "AssetLib": 115.958000421524,
  "Editor": 121346.356000185,
  "External": 83641.5840001107,
  "Script": 28569.0659980773
}