{
  "2D": 7343.86700153351,
  "3D": 661.299999952316,
  "AFK": 225.996000051498,
  "AssetLib": 115.958000421524,
  "Editor": 105263.038000107,
  "External": 72774.441999197,
  "Script": 24367.4709990024
}