{
  "2D": 8555.06000208856,
  "3D": 767.135999917984,
  "AFK": 376.001999855042,
  "AssetLib": 442.724000453949,
  "Editor": 132595.97100091,
  "External": 90505.1580009461,
  "Script": 32325.8929975031
}