{
  "2D": 16834.8030021191,
  "3D": 903.609000205993,
  "AFK": 58.0020000934601,
  "AssetLib": 442.724000453949,
  "Editor": 216473.29900217,
  "External": 148213.580001592,
  "Script": 50078.5829977989
}