{
  "2D": 16056.488001585,
  "3D": 903.609000205993,
  "AFK": 58.0020000934601,
  "AssetLib": 442.724000453949,
  "Editor": 213046.096002101,
  "External": 146412.973001956,
  "Script": 49230.3019979
}