{
  "2D": 19241.0520048143,
  "3D": 903.609000205993,
  "AFK": 232.004999876022,
  "AssetLib": 442.724000453949,
  "Editor": 238745.388001918,
  "External": 162771.436001061,
  "Script": 55386.5669953823
}