{
  "2D": 17701.6000030042,
  "3D": 903.609000205993,
  "AFK": 58.0020000934601,
  "AssetLib": 442.724000453949,
  "Editor": 219628.356001853,
  "External": 149052.593001603,
  "Script": 51527.8299965858
}