{
  "2D": 15165.586001873,
  "3D": 903.609000205993,
  "AFK": 58.0020000934601,
  "AssetLib": 442.724000453949,
  "Editor": 206327.276002405,
  "External": 142926.724000691,
  "Script": 46888.6329991817
}