{
  "2D": 7638.09100127221,
  "3D": 661.299999952316,
  "AFK": 225.996000051498,
  "AssetLib": 115.958000421524,
  "Editor": 113178.111000061,
  "External": 78454.1989996434,
  "Script": 26308.5629987716
}