{
  "2D": 18952.7990043165,
  "3D": 903.609000205993,
  "AFK": 232.004999876022,
  "AssetLib": 442.724000453949,
  "Editor": 236129.00600171,
  "External": 160674.171001195,
  "Script": 55155.7029955387
}