{
  "2D": 5409.46700000763,
  "3D": 248.699999809265,
  "AFK": 239.99799990654,
  "AssetLib": 115.958000421524,
  "Editor": 92533.0070004462,
  "External": 65713.7219996452,
  "Script": 21045.1600005626
}