{
  "2D": 10739.7020030022,
  "3D": 767.135999917984,
  "AFK": 376.001999855042,
  "AssetLib": 442.724000453949,
  "Editor": 163131.937001228,
  "External": 117455.946000099,
  "Script": 33726.4289977549
}