{
  "2D": 16056.488001585,
  "3D": 903.609000205993,
  "AFK": 58.0020000934601,
  "AssetLib": 442.724000453949,
  "Editor": 214464.108002185,
  "External": 147178.041001796,
  "Script": 49883.2459981441
}