{
  "2D": 19241.0520048143,
  "3D": 903.609000205993,
  "AFK": 232.004999876022,
  "AssetLib": 442.724000453949,
  "Editor": 239003.405001878,
  "External": 163020.350001334,
  "Script": 55395.6699950695
}